Noukhej 07,mnoukhej07@gmail.com,2025-01-06 15:19:56
Noukhej 001,mnoukhej001@gmail.com,2025-01-06 15:19:56
Noukhej 002,mnoukhej002@gmail.com,2025-01-06 15:19:56
Noukhej 003,mnoukhej003@gmail.com,2025-01-06 15:19:56
Noukhej 004,mnoukhej004@gmail.com,2025-01-06 15:19:57
Noukhej 005,mnoukhej005@gmail.com,2025-01-06 15:19:57
Noukhej 07,mnoukhej07@gmail.com,2025-01-06 15:22:14
Noukhej 002,mnoukhej002@gmail.com,2025-01-06 15:22:14
Noukhej 003,mnoukhej003@gmail.com,2025-01-06 15:22:14
Noukhej 004,mnoukhej004@gmail.com,2025-01-06 15:22:14
Noukhej 005,mnoukhej005@gmail.com,2025-01-06 15:22:14
